nama,harga,penjual,kota,terjual,rating
PROMO kerupuk Seblak mix seblak campur 1ball 800g free box kardus isi berbagai macam varian kerupuk cemilan snack pedas gurih,Rp34.550,Kurawa Snack.id,Kab. Bekasi,40+ terjual,5.0
1 BKS SEBLAK KEMPLANG KERUPUK JADOEL INSTAN FOOD MAKANAN PEDAS  Chilli Snack Keripik Sambal -RIRRASTORE,Rp6.999,Rirra Store,Kab. Tangerang,1rb+ terjual,4.8
Hayang Seblak Instan Pedas Gurih Alami Sambal Asli Premium 1 Bungkus,Rp17.000,Hayang Seblak,Kab. Cirebon,1rb+ terjual,4.4
Kylafood Paket isi 5 Seblak Rempah Autentik,Rp70.000,Kylafood,Bandung,9rb+ terjual,4.9
terlaris Seblak Instan Garut 1 bungkus dengan Bumbu dan Sambal Khas Pedas Kuah Bawang Noodles - Food,Rp2.999,SNACK OMA RR,Kab. Garut,50rb+ terjual,4.7
Paket Hemat Buy 1 Get 1 Kerupuk Seblak Mix Campur 200 gram Varian Pedas 100 gram + Varian Original 100 gram Bumbu Melimpah Food Snack,Rp11.000,Zia store16,Kab. Bandung,250+ terjual,3.6
Seblak Kripca Seblak kripik Kaca Seblak Kering Seblak Pedas Seblak Kering Seblak Aroma Daun Jeruk Khusus Oleh Oleh Bandung Camilan Kering Snack Ngemil Raja Sultan Snack,Rp12.000,sie jempol,Kab. Bandung,70+ terjual,4.9
SEBLAK KRUPUK CAMPUR/MIX SEBLAK BASRENG/BAWANG/MAKARONI/PEDO PEDAS CIKRUH 500g Cemilan Snacks Kerupuk,Rp12.500,KANGSEBLAK.ID,Kab. Bandung,10rb+ terjual,4.7
seblak kerupuk jengkol pedas daun jeruk Jengkol bumbu melimpah 1kg kerupuk seblak kering mix jajanan sebring Seblak Kerupuk Jengkol Keripik Singkong Renyah sebring angker seblak kering mix Seblak Mix Beton organik original,Rp9.500,juragansnack100.id,Kab. Bandung,2 terjual,
Paket 10 Bungkus Seblak instant super komplit topingannya. Food Pedas,Rp36.900,Raja Cemilan Garut,Kab. Garut,80+ terjual,5.0
seblak frozen Food Pedas gurih dan nikmat,Rp12.000,business picaa,Kab. Gresik,20 terjual,
"BELI 1 DAPAT 3 SEBLAK MIX,JAAT,WARNA Snack  Pedas Cemilan Kering",Rp31.500,Ratubasreng91,Kab. Bandung,100+ terjual,5.0
paket usaha mix 10 bks bakso aci + tulang rangu Food Instan Mie Seblak,Rp120.000,JDM.id_NEW,Kab. Garut,500+ terjual,4.6
"BUNDLING 12 [ 4 BUNGKUS SEBLAK INSTAN,4 BASO ACI,4 CUANKI INSTAN] Food Kaldu Instan Pedas Makanan",Rp35.999,BOCITANG24,Kab. Tangerang,2rb+ terjual,4.8
SEBLAK KERING BETON  Bantat 250 GRAM pedas daun jeruk seblak jaat /beton bantat,Rp10.000,ngalada id,Kab. Bandung,10rb+ terjual,4.7
seblak kering seblak instan seblak seduh Makananu,Rp2.000,cemilan misya toko,Kab. Bandung Barat,100+ terjual,
paket 10 pcs seblak instan,Rp28.000,sri lasmini,Kab. Boyolali,,
Seblak mix PAKET HEMAT BELI 1 GRATIS 1 seblak kerupuk campur Food Pedas,Rp11.300,warung seblak09,Kab. Bandung,100+ terjual,3.9
Seblak Instan TERMURAH !!!!,Rp6.100,ankids12,Kab. Wonogiri,250+ terjual,3.7
Beli 1 gratis 1  seblak mix pedas daun jeruk hanya 10 rb,Rp10.000,seblak id,Kab. Bandung,3rb+ terjual,4.4
Seblak Mix Asli Bandung Pedas gurih daun jeruk,Rp15.000,Snackp1,Kab. Bandung,4 terjual,
Nusaji By Yudha Pangestu - New Formula - Seblak Instan Bundling Buy 1 Free 1 Jamur Salju Coet ( 2 Jamur Salju Coet ),Rp59.800,Nusaji,Kab. Bekasi,500+ terjual,4.7
BASO LAVA BY Seblak Teh Dini Ciguha,Rp55.000,Seblak Instan Teh Dini Ciguha,Kab. Tasikmalaya,50+ terjual,4.4
PAKET 10 BUNGKUS SEBLAK INSTAN ENAK DAN GURIH,Rp35.000,JajanYuk09,Kab. Tasikmalaya,250+ terjual,4.8
paket seblak 10 bungkus 40ribu Instan Food,Rp40.900,nyemil.enak,Cimahi,1rb+ terjual,4.5
1KG | Kerupuk Seblak CK 1KG Pedas Kencur Kerupuk Seblak Viral Pedas Kencur Seblak Sedap Snack Food,Rp33.900,Makaroni Sos,Kab. Sidoarjo,250+ terjual,4.8
paket  usaha seblak instan 10 pcs,Rp33.000,Rscamil,Surabaya,250+ terjual,4.1
Paket Jualan Seblak Seduh PREMIUM 12 Seblak Cup Super Pedas Cuma Seduh Langsung Nikmat Seblak Seduh Hits 12 Cup Langsng Jual Auto CUAN Food,Rp25.999,Toko Cyrine,Tasikmalaya,250+ terjual,4.9
Nusaji Seblak Paket Bundling Baso Aci dan Jamur Salju ( 1 baso aci + 1 jamur salju ) Instan Makanan Pedas Food,Rp58.000,Nusaji,Kab. Bekasi,250+ terjual,4.7
seblak kerupuk mie kuning pedas daun jeruk #seblak bumbu cikruh endul Food,Rp45.000,Sehaahh.id,Kab. Bandung,250+ terjual,4.8
1kg Seblak kering kencur Jaya Unggul,Rp35.999,JAYA UNGGUL SNACK,Kab. Gresik,6rb+ terjual,4.8
seblak instan aa rey isi 11 pcs+free 1pcs sereal,Rp42.000,seblak instan aa rey,Tasikmalaya,100+ terjual,4.5
PAKET RESELLER WELCOME Kylafood Paket Seblak Rempah Autentik 10 Pack,Rp140.000,Kylafood,Bandung,750+ terjual,4.9
250gram Seblak Campur Mix Pedas Gurih Daun Jeruk/ Cemilan Instan/ Cemilan Pedas/ Bisa COD Food Snacks,Rp13.555,SobatCemil_NEW,Kab.Ciamis,21 terjual,4.0
PAKET 7 AYAM SUWIR PEDAS HOTPOT INSTAN FOOD KALDU PEDAS Kuah Mie Kari Soto Seblak CUANKI PAKET LENGKAP PEDAS - EKONOMIS Makanan Aci Baso Frozen Halal Lezat Ori Siap,Rp45.999,GUDANG SNACK TGR,Kab. Tangerang,10rb+ terjual,4.8
"SERBA RANGU NYAI MERCON (DACI, CIPAK, PANGSIT RANGU, SEBLAK)",Rp90.160,NYAI MERCON,Kab. Garut,10rb+ terjual,4.8
1KG krupuk seblak mix Snack Food Cemilan Makanan Pedas Kering,Rp45.000,Citarasa2 snack,Kab. Sidoarjo,100+ terjual,4.8
Seblak Kerupuk Campur Pedas Bumbu Chili Oil 250g Kerupuk Mix Daun Jeruk Seblak Kering Mix Pedas Cemilan Asin Snacks Home Made,Rp13.500,cemilanedan09,Kab. Bandung,750+ terjual,4.6
MEGA SALE 12 Bungkus Bundling Baso Aci isi 6 pcs X Seblak Instan isi 6 pcs Kuah  Pedas Food Mie,Rp27.599,HOME SNACK GRT,Kab. Garut,250+ terjual,4.0
SEBLAK CAMPUR/MIX ORIGINAL kemasan 1kg dan 500gram PS (Pemuda Seblak),Rp44.000,PEMUDASEBLAK,Kab. Garut,250+ terjual,4.5
limie shop - paket 10pcs seblak bumbu cikur pedas gurih,Rp35.000,limie shop,Kab. Bandung,100+ terjual,4.0
250GR Seblak Tetangga Sebring Seblak kering  Rafael Krupuk mawar putih bantat pedas daun jeruk Camilan Snack Food Kerupuk Makanan Goreng Cemilan,Rp13.000,sebringmakyah,Kab. Tuban,10rb+ terjual,4.7
500gram - SEBLAK CAMPUR - [ SEBLAK BETON - SEBLAK ASBES - SEBLAK SISIR - SEBLAK KERUPUK MIE] RENYAH - PEDAS,Rp26.000,kurnia snack.,Kab.Ciamis,750+ terjual,4.7
Seblak Instant Khas Bandung ASLI / Seblak Bandung,Rp19.000,Bibiba Food,Kab. Bandung Barat,1 terjual,
6 bungkus Seblak Instan Komplit Extra Pedas Plus lezat,Rp15.900,Nea Market,Kab. Garut,50+ terjual,4.8
17 pcs sakura seblak jeletot,Rp35.500,harapan6shop,Kab.Ciamis,500+ terjual,4.9
BUNDLING 12 BUNGKUS BASO ACI CUANGKI INSTAN RADJASNACK Kaldu Food Pedas Seblak Ayam Makanan,Rp69.999,UAIFOOD,Kediri,50+ terjual,4.5
paket isi 10 bungkus seblak Instan Pedas Makanan,Rp25.500,NAYFOOD16,Kab. Garut,500+ terjual,4.8
1 BKS Seblak Kemplang Kerupuk Jadoel Instan Food Makanan Pedas Halal Bahan Asli Indonesia Cocok untuk Santai Bareng Keluarga,Rp5.999,Gst tangerang,Jakarta Barat,100+ terjual,4.5
PAKET ICIP CUANKI SEBLAK BASO ACI AYAM SUWIR ISI KOMPLIT,Rp11.969,ENTINFOODS,Kab. Banyumas,3rb+ terjual,4.7
【LIVE】500gram - SiCudla SEBLAK CAMPUR - [ SEBLAK BETON - SEBLAK ASBES - SEBLAK SISIR - SEBLAK KERUPUK MIE] RENYAH - PEDAS CHILI OIL,Rp31.111,ALULA . N A,Tasikmalaya,4rb+ terjual,4.9
【LIVE】1 KILO - SiCudla SEBLAK CAMPUR - [ SEBLAK BETON - SEBLAK ASBES - SEBLAK SISIR - SEBLAK KERUPUK MIE] RENYAH - PEDAS CHILI OIL,Rp58.888,ALULA . N A,Tasikmalaya,750+ terjual,4.9
paket termurah isi 10 bungkus seblak Instan Pedas Makanan Instan Food Mie Noodles,Rp25.000,wadah snack,Kab. Garut,100+ terjual,4.9
PAKET USAHA 12 PCS SEBLAK INSTAN CUP Food,Rp26.999,Chemilan Enak,Kab. Tangerang,4rb+ terjual,4.5
Paket 2 Seblak Rangu + 2 Pangsit Rangu Nyai Mercon Makanan Instan,Rp95.060,NYAI MERCON,Kab. Garut,500+ terjual,4.9
GWP Seblak manis semanis kamu yaa 009,Rp105,Nthrophya,Jakarta Selatan,3 terjual,
BUNDLING BERDUA Dapat 2 Seblak Kemasan Paket Kering Aja Bumbu Jadul Seblak Katel Mami,Rp70.000,Seblak Katel Mami,Bogor,7 terjual,5.0
seblak instan / seblak instan khas bandung / seblak instan termurah Food Noodles Makanan Pedas Mie,Rp3.500,Baso Aciww,Kab. Bandung,750+ terjual,4.4
seblak mamah ibnu paling gurih enak pedasnya poll,Rp10.000,seblak mamah ibnu,Kab. Cianjur,1 terjual,
STOK TERBATAS ! Kylafood Seblak Rempah Authentik Instan Kuah,Rp14.000,Kylafood,Bandung,100rb+ terjual,4.8
Seblak Campur Mix 1kg Exstra Pedas Original Daun Jeruk/Kerupuk Mix Campur Pedas/Cemilan Pedas,Rp12.450,Sobatngemil15,Kab. Bandung,10rb+ terjual,4.3
sebring mix 7 kerupuk extra pedas seblak kering chili oil,Rp13.000,Ms.nyemil,Kab. Garut,1rb+ terjual,4.8
Mama Fuji - SEBLAK INSTAN Food Noodles,Rp31.039,Mama Fuji Real,Tangerang,2rb+ terjual,4.8
promo seblak kerupuk seblak beton 1 kg-500gram-250gram Makanan Pedas,Rp57.500,lisisaa shop,Kab. Garut,70+ terjual,4.4
[TERMURAH!!] Seblak Instant Basranger Extra Pedas 200gram,Rp15.999,dunia.cemilan.ducem,Bandung,100+ terjual,4.9
PAKET HEMAT NYAI MERCON ( PANGSIT RANGU + SEBLAK RANGU),Rp47.530,NYAI MERCON,Kab. Garut,4rb+ terjual,4.8
"[BUY5GET5] AYA - Baso Aci Jumbo,Baso Aci Premium, Seblak, Cimol, Keripik Kaca free Otak - Otak Ikan, Keripik Tempe, Basreng 100 gram ordas, Makaroni peedas 75 gram",Rp125.000,Sajodo Snack & Food,Tasikmalaya,250+ terjual,4.8
(BELI 1 GRATIS 1) SEBLAK COET PEDAS / SEBLAK KERUPUK JADUL / SEBLAK Instan RAFAEL / Cemilan Viral  NONA  Foods,Rp18.000,NONA FOODS_NEW,Tasikmalaya,250+ terjual,4.7
seblak instan paket 12 pcs / seblak instan isi 12 pcs / seblak instan paket 12 bungkus Food Noodles Pedas Mie Makanan Kuah,Rp40.000,Baso Aciww,Kab. Bandung,250+ terjual,4.4
Seblak Instant Homemade Lengkap Bumbu,Rp7.000,tokorara1,Surabaya,3rb+ terjual,4.8
Kylafood Seblak Instant Rempah Autentik - Kemasan Bantal 120gr Snack Halal,Rp15.000,Zanana Chips Store,Bandung,250+ terjual,4.4
SMR Paket Puas - (Bundling 5) Seblak Mamang Rafael Instan,Rp100.000,Seblak mamang rafael_NEW,Kab. Garut,1rb+ terjual,4.9
"BELI 3 GRATIS 1 (Seblak, Boci,Keju Aroma, Keripik Kaca) - Sajodo Snack & Food",Rp68.500,Ceceu Sajodo,Tasikmalaya,6rb+ terjual,4.7
Nusaji Seblak Instan Buy 1 Free 1 New Formula,Rp54.800,Nusaji,Kab. Bekasi,1rb+ terjual,4.5
PAKET ( 10 BUNGKUS ) SEBLAK INSTAN ENAK DAN GURIH Bawang Makanan Pedas,Rp7.939,"KACANG METE WONOGIRI,",Kab. Wonogiri,250+ terjual,4.6
SEBLAK SULTAN MANTAP HARGA TERJANGKAU BERANEKA RASA,Rp5.000.999,Remones5,Jakarta Utara,,
Seblak Mix - Seblak Campur 1 KG Kerupuk Seblak Beton/Seblak Asbes Jengkol/Seblak Kerupuk Rafael/Basreng - Renyah Pedas,Rp23.000,Aneka Seblak Istimewa,Kab.Ciamis,10rb+ terjual,4.7
12 Bungkus Bundling Baso Aci isi 6 pcs X Seblak Instan isi 6 pcs Kuah  Pedas Food Mie,Rp27.999,Nea Market,Kab. Garut,100+ terjual,4.6
[TINGGAL SEDUH] 12 bungkus Seblak instan Mamah Deudeuh tinggal seduh,Rp37.999,Mamah Deudeuh Asli,Kab. Bandung Barat,250+ terjual,4.6
SEBLAK INSTAN KHAS BANDUNG,Rp8.500,ANUGRAH ARIANI,Banjarmasin,1 terjual,
"seblak viral 10 pcs, seblak instan, seblak kemasan seblak pedas",Rp32.000,flawsome16,Kab. Sleman,22 terjual,
paket mix murah 12pcs seblak boci cuanki ready no PO,Rp41.999,nayismail,Cimahi,4rb+ terjual,4.6
Paket isi 50 Cirawit Pedas Hotspot Instan Seblak,Rp75.000,Seblak Vanya,Kab. Bandung,250+ terjual,4.5
PAKET HEMAT BANGET 5 SEBLAK 5 BASO ACI INSTAN FOOD KALDU KUAH SEBLAK/GRATIS 1 BUNGKUS,Rp22.900,Nea Market,Kab. Garut,70+ terjual,4.5
SMR Paket Puas - ( Beli 2 + Free 1 ) Bundling 3 Seblak Mamang Rafael,Rp70.000,Seblak mamang rafael_NEW,Kab. Garut,2rb+ terjual,4.8
SEBLAK Beli 2 Dapat 4 Seblak Mix 300 Gram Rasa Original 75gr Pedas 75gr Extrapedas 75gr,Rp15.500,EMAKRIUKJABAR,Kab. Bandung,7 terjual,5.0
"TEBUS MURAH PRODUK SAJODO - Seblak, Baso Aci Premium, Baso Aci Jumbo, Cimol Keju, Otak - Otak Ikan, dll",Rp17.500,Ceceu Sajodo,Tasikmalaya,7rb+ terjual,4.8
PAKET BUNDLING INSTAN BRUTAL ( BOCI AYAM SUWIR 5PCS X  BOCI ORIGINAL 5PCS) pedas food Kaldu Kuah Seblak - EKONOMIS,Rp39.999,Jago Snack Nusantara,Kab. Tangerang,10rb+ terjual,4.8
SEBLAK CUANKI PAKET HEMAT 12PCS FREE JERUK LIMO/CUANKI/SEBLAK/CIKUR Instan Makaroni Pedas Mie Kuning Food,Rp27.000,TABEMONO,Jakarta Utara,13 terjual,3.0
Seblak mix/ seblak campur/ seblak pedas daun jeruk kemasan 500gr,Rp8.000,juraganseblak.id,Kab. Bandung,50rb+ terjual,4.6
"BUNDLING 12 [ 4 BUNGKUS SEBLAK INSTAN,4 BASO ACI,4 CUANKI INSTAN] Food Kaldu Instan",Rp28.900,Nea Market,Kab. Garut,2rb+ terjual,4.8
Seblak Instan Abah Aceng 12 bks Mie Pedas Jajanan Sambal Food Noodles,Rp46.900,BociSehotOfficial,Cimahi,10rb+ terjual,4.9
Seblak Instan Komplit Cup Lekoh – 3 Rasa Original/Keju/Creamy | BY Seblak Dea,Rp24.999,Seblak Dea,Surabaya,12 terjual,5.0
SEBLAK INSTAN SAJODO SNACK Food Kuah Pedas,Rp24.500,Sajodo Snack & Food,Tasikmalaya,10rb+ terjual,4.7
PAKET ( 10 BUNGKUS ) SEBLAK INSTAN ENAK DAN GURIH,Rp24.999,asaan16,Kab. Garut,50+ terjual,5.0
SEBLAK KERUPUK CAMPUR MIX PEDAS DAUN JERUK ISI 500 gram,Rp20.000,Windistore.18,Kab. Lampung Tengah,2 terjual,
"Seblak Instan Paket 10pcs (10 Bungkus) Khas Bandung, Raos Pisan",Rp25.999,mamah mbi,Kab. Garut,250+ terjual,4.6
Seblak Campur Mix 500Gr Exstra Pedas Original Daun Jeruk Snacks Cemilan/Kerupuk Campur Mix Pedas,Rp12.450,Sobatngemil15,Kab. Bandung,9rb+ terjual,4.3
"Seblak Instan Paket 10pcs (10 Bungkus) Khas Bandung, Raos Pisan",Rp25.000,Nea Market,Kab. Garut,100+ terjual,4.8
Paket 3 Pcs Seblak Instant Murah Meriah Komplit,Rp32.000,Cemilan Nyanyat Banjarmasin 1,Banjarmasin,8 terjual,5.0
Seblak Instan dengan bumbu Pedas,Rp5.000,Warung Jajan Kaka_NEW,Kab. Tasikmalaya,15 terjual,
seblak enak tapi boonk bgt Snack Pedas Food,Rp25.000.000,anndiinrzt,Kab. Sidoarjo,,
PAKET BUNDLING INSTAN BRUTAL ( BOCI AYAM SUWIR 5PCS X  BOCI ORIGINAL 5PCS) pedas food Kaldu Kuah Seblak - EKONOMIS Bakso aci kuah Jajanan grosir gratis ongkir R Makananp.0 - GST,Rp45.999,GUDANG SNACK TGR,Kab. Tangerang,100rb+ terjual,4.8
PAKET BUNDLING HEMAT 12  (6 pcs seblak 6pcs baso aci ) MAKANAN INSTAN mie food Kaldu Pedas Ayam,Rp39.999,GUDANG SNACK TGR,Kab. Tangerang,7rb+ terjual,4.8
Seblak instan komplit / seblak instan murah,Rp4.500,baci lada,Kab. Bandung,1rb+ terjual,4.7
"Paket Super Hemat 12 bungkus ( seblak 6, cuanki 6 ) Abah Aceng Instan Makanan Pedas",Rp43.500,BociSehotOfficial,Cimahi,1rb+ terjual,4.9
SEBLAK BASO ACI INSTAN / SEBLAK INSTAN BANDUNG,Rp6.500,Cwanme.id,Bandung,3rb+ terjual,4.9
seblakk isi 6; bungkus paket lengkap seblak instant,Rp18.000,diasriyadi gorden,Kab. Bandung,17 terjual,5.0
Etawa Seblak Frozen Pedas Food dengan Selai Pasta Walet Wajik Arum Api,Rp2.000.000,CHOMORY73,Kab. Sukabumi,,
SEBLAK GOLDEN BKR Kemasan Instan Jajanan Pedas Kuah Khas Tasikmalaya Mie Food Noodles Makanan,Rp24.999,Cilok Goang Golden,Tasikmalaya,2rb+ terjual,4.7
BAKSO ACI & SEBLAK INSTAN,Rp3.000,SambelReyhan,Kab. Tasikmalaya,30+ terjual,
seblak instan paket 31.000 isi 12 bungkus (free bumbu) langsung kirim best seller (HALAL),Rp31.000,ayangkids.store,Kab. Bandung,40+ terjual,
1 KG Seblak Campur/Mix Aneka Kerupuk Seblak Betob/Jengkol Asbes /Makaronj/Sebring Rafael/Pedo/BASRENG Camilan Kering Makanan Cemilan,Rp13.999,Aneka Snack & Food,Kab.Ciamis,2rb+ terjual,4.8
Kemasan SEDANG 12 pcs paket hemat seblak instan,Rp37.999,@gemilangstore.id,Kab. Cilacap,3 terjual,3.0
Seblak Mix Sagala Aya Ratubasreng 500 Gram Pedas Daun Jeruk - Camilan/Lauk Pauk - Kerupuk,Rp21.000,Ratubasreng91,Kab. Bandung,500rb+ terjual,4.8
2 PCS BUNDLING SEBLAK KUAH KEJU CREAMY MINASANG,Rp37.000,Braverissx,Kab. Cianjur,100+ terjual,4.9
Mix 6 seblak 6 baso aci abah aceng Bawang Instan Sambal Mie Food Tetelan Pedas,Rp47.900,BociSehotOfficial,Cimahi,10rb+ terjual,4.9
3 PAKET COMBO BASO ACI SEBLAK CUANGKI PREMIUM ECERAN MURAH PAKET SATUAN BOCI 6 PENTOL instan food,Rp10.999,DWI PUTRA JAYA FOOD,Surabaya,1rb+ terjual,4.3
12 Bungkus Bundling Baso Aci isi 6 pcs X Seblak Instan isi 6 pcs Kuah  Pedas Food Mie,Rp27.569,NAYFOOD16,Kab. Garut,60+ terjual,3.9
PAKET RESELLER 25PCS SEBLAK INSTAN BANGSATRIA (PREMIUM) Kuning Food,Rp400.000,TOKO BANGSATRIA,Kab.Ciamis,21 terjual,5.0
￼Nangkring Seblak Paket Bundling 3 Seblak Original Kuah Nangkring Pedas Gurih Asam Manis Jadul Nyemek Seblak Instan Viral Asli Bandung Halal Asin Bawang Food Sambal Spicy Makanan,Rp72.900,ANGKRINGAN SEBLAK NO 1,Cimahi,30+ terjual,4.2
Paket Seblak Instan Abah Aceng  isi 10 bks Mie Pedas Sambal Food  Kuah,Rp42.900,BociSehotOfficial,Cimahi,10rb+ terjual,4.9
SEBLAK CAMPUR 500 GRAM KERUPUK SEBLAK BETON SISIR KERUPUK RAFAEL ASBES RENYAH PEDAS Cemilan Goreng Kering Makaroni,Rp43.000,Syifa Putri Snack,Kab.Ciamis,50rb+ terjual,4.7
ABAHKRIUK - SEBLAK MIX Beli 2 Dapat 4 Kerupuk Seblak 500 Gram Rasa Original 125gr Pedas 125gr Pilih 4 Varian,Rp21.000,Abahkriuk,Kab. Bandung,100+ terjual,4.9
[ FLASH SALE SEBLAK MIX ] Seblak mix seblak campur seblak kering pedas daun jeruk kemasan 1kg,Rp41.899,diseblakanid,Kab. Bandung,10rb+ terjual,4.8
Seblak Instan Paket Isi 12 Bungkus Promo Hari Ini - Mie Instan dengan Cabe Bubuk dan Bumbu Racikan  plus bumbu racikan kencur bawang Putih seblak  instan,Rp40.500,AdeliasnackTGR,Kab. Tangerang,750+ terjual,4.7
"BUNDLING 12 [ 4 BUNGKUS SEBLAK INSTAN,4 BASO ACI,4 CUANKI INSTAN] Food Kaldu Instan",Rp27.888,asaan16,Kab. Garut,4rb+ terjual,4.5
Marenta PAKET USAHA - seblak instan baso aci cireng makanan pedas gurih cemilan viral,Rp349.999,Warung Marenta,Cimahi,40+ terjual,5.0
Seblak Instan Komplit Lekoh 100 gr – 3 Rasa Original/Keju/Creamy | BY Seblak Dea,Rp24.999,Seblak Dea,Surabaya,,
SEBLAK KERING CAMPUR/MIX ISI 500GR PEDAS GURIH Cemilan Kerupuk Food sebring Kripik,Rp20.500,BANDUNG SNACK CENTER,Kab. Bandung,1rb+ terjual,4.4
Seblak makaroni dinda Renyah  Pedas,Rp2.000.000,Rehanafiii,Denpasar,,
SEBLAK INSTAN PREMIUM 1PCS + EXTRA TOPING CUANKI (BANG SATRIA SEUHAH) Pedas Food,Rp26.499,TOKO BANGSATRIA,Kab.Ciamis,4rb+ terjual,4.8
SEBLAK CAMPUR - SEBLAK MIX 500gr ANEKA KRUPUK SEBLAK BETON/SEBLAK ASBES/SEBLAK SISIR/SEBLAK KERUPUK RAFAEL - Renyah Snacks Cemilan Pedas Krupuk,Rp13.999,Aneka Snack & Food,Kab.Ciamis,10rb+ terjual,4.7
Paket bundling seblak sehot 3 bungkus Food Instan Sambal,Rp34.900,BociSehotOfficial,Cimahi,750+ terjual,4.8
Marenta PAKET 3PCS SEBLAK COET Cobek Cocol Pedas Viral Instan Kerupuk Mawar Food Noodles Goreng Mie,Rp47.999,Warung Marenta,Cimahi,10rb+ terjual,4.8
[BARU] Marenta PAKET NYEBLAK seblak coet bandung instan - cobek Instan Jajanan Food Pedas  Mie Noodles Goreng,Rp59.499,Warung Marenta,Cimahi,2rb+ terjual,4.8
Seblak Instan Satuan By keylaafood Pedas,Rp8.000,Keylaafood2,Kab. Banyumas,1rb+ terjual,4.7
Seblak Instan Bandung Pedas Jeletot/Seblak Basah Kemasan Murah,Rp12.150,mutiarasnacks.id,Tasikmalaya,1rb+ terjual,4.9
Nusaji Seblak Paket Hemat Jamur Salju ( 2  jamur salju )  Instan Makanan Pedas Food,Rp69.800,Nusaji,Kab. Bekasi,60+ terjual,4.6
PAKET BUNDLING INSTAN BRUTAL ( BOCI AYAM SUWIR 5PCS X  BOCI ORIGINAL 5PCS) pedas food Kaldu Kuah Seblak - EKONOMIS,Rp37.998,Rirra Store,Kab. Tangerang,5rb+ terjual,4.7
Baso Aci Ori / Cuanki Instan Variasi Satuan Makanan Instan Murah  Food Kaldu Ayam Kuah Seblak Pedas -rirrastore,Rp10.000,Rirra Store,Kab. Tangerang,10rb+ terjual,4.7
Seblak Instant Gurih dan Renyah,Rp3.799,Nataken_NEW,Surabaya,100+ terjual,
"Mie Instan Seblak Isi 12 Bungkus - Promo Hari Ini - Bawang, Ramen, Cup, Putih",Rp40.500,AdeliasnackTGR,Kab. Tangerang,3rb+ terjual,4.6
PAKET MIX 6 PCS BASO ACI + 6 PCS SEBLAK SPESIAL PAKET MIX,Rp27.900,mamah mbi,Kab. Garut,500+ terjual,4.4
paket murah 10 bungkus seblak instan,Rp45.000,Pawon acinurzikri,Cimahi,,
Paket bundling seblak sehot 6 bks Food Sambal,Rp62.900,BociSehotOfficial,Cimahi,2rb+ terjual,4.9
Nusaji Seblak - New Formula - Paket Hemat Baso Aci (2 baso aci) Instan Makanan,Rp49.800,Nusaji,Kab. Bekasi,10 terjual,5.0
"paket mix 12 bungkus aci, cuanki, seblak lebih hemat Food Pedas Food seblak enak",Rp86.000,bocikampung,Bandung,3rb+ terjual,4.5
Kerupuk seblak campur/seblak Sagala Aya pedas isi 100gram daun jeruk ekstra bumbu melimpah Snacks Kering,Rp8.000,Cemilan alesha_NEW,Kab. Bandung,100+ terjual,3.0
krupuk seblak campur pedes seblak mix,Rp11.900,nuris snack,Kab. Gresik,750+ terjual,4.7
SEBLAK CAMPUR 500gram SEBLAK MIX [SEBLAK BETON - SEBLAK JENGKOL ASBES - SEBLAK SISIR - SEBLAK KERUPUK RAFAEL] PEDAS RENYAH JAGO NGEMIL,Rp13.450,Jago Ngemil,Kab.Ciamis,5rb+ terjual,4.8
Seblak Instan Paket 12 Bungkus Termurah Pedas Food,Rp48.000,boci bogor,Bogor,3 terjual,5.0
Paket Ekonomis Seblak Instans 11bungkus BINJAI ACEH MEDAN LANGKAT,Rp48.000,cemilinhan_NEW,Binjai,100+ terjual,4.6
11 BUNGKUS SEBLAK PAKET RESELLER,Rp55.000,Pusat cuanki JKT,Tangerang,100+ terjual,4.7
SMR Paket Puas SEBLAK MAMANG RAFAEL (Beli 3 + Free 2 ) Bundling 5,Rp100.000,Seblak mamang rafael_NEW,Kab. Garut,500+ terjual,4.9
"Seblak mix/seblak campur viral tiktok pedas daun jeruk/ seblak mix original daun jeruk kemasan 1kg. Cemilan pedas, Snack ringa. Snacks Kering. Kerupuk",Rp5.500,Tukangseblak.id,Kab. Bandung,,
Paket Seblak Coet Pedas isi  5 pack,Rp4.000.000,seblaklekoh.tehsiska,Kab. Bandung Barat,,
Beli 1 Dapat 2 Seblak Mix Ori dan Pedas Seblak Campur Mix Pedas Original  Bumbu Melimpah Daun Jeruk Food Snack,Rp10.000,warung .cemilan08,Kab. Bandung,1rb+ terjual,4.2
seblak murah meriah rasanya enak,Rp2.500,Iwanceleng,Kab. Bekasi,40+ terjual,
Seblak Instan Khas bandung Food Makanan Pedas,Rp5.000,JajananShopBDG,Kab. Bandung,7rb+ terjual,4.5
BUNDLING BERDUA Dapat 2 Seblak Kemasan - Paket 1 Kering Aja Bumbu Original dan 1 Seblak Keringan Aja Bumbu Jadul Seblak Katel Mami,Rp70.000,Seblak Katel Mami,Bogor,13 terjual,5.0
"BUNDLING 12 [ 4 BUNGKUS SEBLAK INSTAN,4 BASO ACI,4 CUANKI INSTAN] Food Kaldu Instan",Rp27.999,mamah mbi,Kab. Garut,250+ terjual,4.4
paket usaha 50 bungkus seblak komplit Food Instan Pedas,Rp160.000,SNACK OMA RR,Kab. Garut,5 terjual,
"PAKET SUPER DEAL SEHOT BASO ACI, SEBLAK INSTAN, CIMOL LELEH, CIRENG ISI, CUANKI KEJU",Rp89.900,BociSehotOfficial,Cimahi,1rb+ terjual,4.8
Seblak kerupuk mix original daun jeruk kemasan 1kg,Rp39.999,diseblakanid,Kab. Bandung,1rb+ terjual,4.7
Seblak Instan Komplit Extra Pedas Khas wadah  Harga Reseller,Rp2.850,wadah snack,Kab. Garut,80+ terjual,3.7
"11pcs MIE SEBLAK INSTAN,PAKET JUALAN Instan Food",Rp50.000,WARUNGDifa96,Kab. Garut,750+ terjual,4.4
CERIABITES-SEBLAK INSTAN KOMPLIT/ SEBLAK INSTAN TERMURAH/ HARGA RESSELER,Rp23.500,CERIABITES,Kab. Garut,21 terjual,5.0
Seblak Mix Campur 1 KiLo Pedas Daun Jeruk Food Snack Kering,Rp26.000,Ngesnack.id,Kab. Bandung,500+ terjual,4.3
ABAHKRIUK - BELI 1 GRATIS 1 SEBLAK CAMPUR 250 GRAM RASA ORIGINAL 125gr PEDAS 125gr EXTRAPEDAS 125gr BUMBU MELIMPAH,Rp13.900,Abahkriuk,Kab. Bandung,4rb+ terjual,4.7
seblak mix pedas daun jeruk beli 1 dapet 3 kerupuk campur Snack Food,Rp13.990,warung seblak09,Kab. Bandung,100+ terjual,4.4
SEBLAK KERUPUK MIX 500GR (Seblak Beton - Seblak Sisir Jengkol - Seblak Rafael - Basreng - Kerupuk Bawang - Makaroni Cikruh - Cimol Kering - Kerupuk Bawang) Pedas Daun Jeruk | SNACKMAMA,Rp31.000,snackmama.medan,Medan,250+ terjual,4.5
Seblak Babangi + Bakso Urat (sudah dipotong-potong | Seblak Lekoh Instan,Rp4.000.000,seblaklekoh.tehsiska,Kab. Bandung Barat,,
Bundling seblak instan 10 bungkus Seblak Instan,Rp50.000,pusat grosir tgr,Kab. Tangerang,2 terjual,
Seblak instan seblak dhero seblak kering cemilan kekkinian,Rp15.000,hasil alam_NEW,Banjar,500+ terjual,5.0
SEBLAK  MJS  1  D U S   isi 4 PAK,Rp89.000,JURAGAN CIKI $$$,Tasikmalaya,500+ terjual,4.5
10 BUNGKUS SEBLAK INSTAN LEVEL PEDAS - HOTPOT INSTAN,Rp35.999,OmahCuanki24,Kab. Tangerang,1 terjual,
seblak kurupuk jaat/beton 500gr seblak kurupuk jaat/ beton 250 gr Cemilan Pedas Food,Rp10.500,ngalada id,Kab. Bandung,100rb+ terjual,4.6
"Mix baso aci 4, Seblak 4, Cuanki 4 Abah Aceng Instan Sambal Food Pedas Cireng isi",Rp47.900,BociSehotOfficial,Cimahi,10rb+ terjual,4.8
paket jualan seblak Cuanki 11pcs food instan,Rp55.498,Tigo Jalu,Kab. Tangerang,1 terjual,
Nusaji By Yudha Pangestu - New Formula - Seblak Coet 185 gr ( 1 Seblak Coet ),Rp28.450,Nusaji,Kab. Bekasi,250+ terjual,4.9
paket 10pcs  baso aci/ seblak Food Pedas,Rp55.000,nyummama,Pekanbaru,18 terjual,3.0
Nusaji Seblak Jamur Salju 220 Gr promo spesial mancapp Food Instan Makanan Pedas,Rp34.900,Nusaji,Kab. Bekasi,500+ terjual,4.6
ABAHKRIUK - SEBLAK Beli 1 Dapat 3 Seblak Mix 300 Gram Rasa Original 100gr Pedas 100gr Xtra Pedas 100gr,Rp17.000,Abahkriuk,Kab. Bandung,10rb+ terjual,4.5
SEBLAK INSTAN TEH DINI CIGUHA KEMASAN PREMIUM,Rp18.750,Seblak Instan Teh Dini Ciguha,Kab. Tasikmalaya,10rb+ terjual,4.8
SEBLAK CAMPUR MIX 500GR PEDAS KENCUR DAUN JERUK,Rp259.000,CEMILANKHAS RHY_NEW,Kab. Bogor,7rb+ terjual,4.6
paket hemat seblak instan. 5 pcs. peda gurih,Rp20.000,deri ahmad,Tangerang Selatan,,
"Seblak MIX campur, kerupuk Pedas 1kg, original , bumbu daun jeruk cikruh kering,",Rp5.499,dibusnack.,Kab. Bandung,750+ terjual,4.5
Seblak mie kremes pedas 200 gram,Rp10.500,Ratubasreng91,Kab. Bandung,50rb+ terjual,4.6
SEBLAK COBEK/SEBLAK RAFAEL/SEBLAKCOBEK/SEBLAK INSTANT,Rp14.700,Toko Cikilul,Kab. Bandung,3rb+ terjual,4.6
BUNDLING BERDUA Dapat 2 Seblak Kemasan Paket Kering Aja Bumbu Original Seblak Katel Mami,Rp70.000,Seblak Katel Mami,Bogor,60+ terjual,5.0
BELI 1 GRATIS 1 Seblak Mix Campur pedas daun jeruk 125gr Krupuk Jengkol Pedas daun jeruk 125 gram Food Kerupuk Snacks,Rp15.000,Ngesnack.id,Kab. Bandung,3 terjual,
[BELI 1 GRATIS 1] SEBLAK coet jadul instan pedas gurih - baso aci boci makanan kekinian food mie,Rp32.999,jajannhaeyo,Cimahi,250+ terjual,4.9
paket termurah isi 10 bungkus seblak OMA RR nstan Pedas Makanan Instan Food Mie Noodles,Rp28.900,SNACK OMA RR,Kab. Garut,9rb+ terjual,4.8
2PCS SEBLAK MINASANG SALATRI PREMIUM PAKET BUNDLING,Rp35.000,Braverissx,Kab. Cianjur,3rb+ terjual,4.8
Paket 3pcs Hayang Seblak Instan Original Pedas Gurih Alami Sambel Asli (bukan bubuk) Organik Premium,Rp51.000,Hayang Seblak,Kab. Cirebon,70+ terjual,5.0
5 bungkus mie sakura seblak jeletot,Rp14.000,uus baron,Kab. Tangerang,100+ terjual,4.6
100gram/pcs Paket Hemat Buy 1 Get 1 Kerupuk Seblak Mix Campur 200 gram cemilan rasa original 100 gram + variant Pedas daun jeruknya 100 gram cita rasa Bumbu melimpah Food Snack,Rp12.000,Ngesnack.id,Kab. Bandung,1rb+ terjual,4.2
seblak instan 1 bungkus komplit dengan bumbu Food Makanan Pedas,Rp10.000,SNACK OMA RR2,Kab. Garut,8rb+ terjual,4.7
Beli 1 gratis 1 seblak mix ORI 500g+mix pedas 500g Snack cemilan  Food Makanan Kerupuk,Rp39.999,KANGSEBLAK.ID,Kab. Bandung,10rb+ terjual,4.8
Beli 1 gratis 1 seblak mix ori dan mix pedas / seblak campur mix pedas & original bumbu daun jeruk Food Snack,Rp12.000,Cemilan khas sunda99,Kab. Bandung,5rb+ terjual,4.2
paket (10 bungkus) seblak instan enak dan gurih Kuah,Rp25.300,wadah snack,Kab. Garut,100+ terjual,4.8
Seblak Campur 500 Gram Cemilan Krupuk Seblak Mix Pedas [Seblak As Beton - Seblak Jengkol - Seblak Sisir - Seblak Kerupuk Sebring Rafael],Rp10.999,JURAGAN SNACK.,Kab.Ciamis,1rb+ terjual,4.8
1 BKS SEBLAK KEMPLANG KERUPUK JADOEL INSTAN FOOD MAKANAN PEDAS Jajanan grosir gratis ongkir Rp.0  Sambal- GUDANGSNACK TGR,Rp8.999,GUDANG SNACK TGR,Kab. Tangerang,9rb+ terjual,4.7
KERUPUK SEBLAK CAMPUR PEDAS JERUK | SEBLAK MIX PEDAS JERUK,Rp2.900,Grosircemalcemil_NEW,Surabaya,10rb+ terjual,4.6
Seblak Instan 10 pcs 30k seblak kencur asli Food,Rp43.500,Kerajaan Kripik Pohho,Kab. Subang,70+ terjual,4.8
"SEBLAK CAMPUR/MIX (jaat,jengkol,rafael,sebring,makroni,basreng) 1kg DAN 500GRAM Pedas",Rp44.500,PEMUDASEBLAK,Kab. Garut,10rb+ terjual,4.8
Seblak Beton 500Gr Jaat Stik Exstra Pedas/Kerupuk Jaat Pedas/Kripik Beton Original/Seblak Kering,Rp12.250,Sobatngemil15,Kab. Bandung,100+ terjual,4.4
Seblak mix campur pedas daun jeruk 1kg,Rp20.000,NAZWA SNACK01,Kab. Bandung,50+ terjual,5.0
Seblak Ceker dengan Bahan Utama Ayam dan Sayuran Segar untuk Rasa Lezat dan Nutrisi Optimal,Rp2.000.000,Ciicisweet,Bandung,,
seblak garinggggggggggggggggggggg,Rp999.999.999,Joyyyyyyyyyyyyy,Kab. Bandung Barat,,
"Juraganseblak.id Seblak Campur Mix 500 gr Pedas Daun Jeruk Bawang - Aneka Krupuk Seblak - Bubuk, Spices Cikur",Rp12.750,juraganseblak.id,Kab. Bandung,250+ terjual,4.1
10 PAKET SEBLAK KUAH PEDAS INSTAN,Rp59.000,Pesona Harmoni,Kab. Blitar,,
Jananan seblak campur kerupuk mix bumbu melimpah pedas gurih mantap,Rp8.500,PROJEK SAUYUNAN,Kab. Bandung,1rb+ terjual,4.6
BELI 1 Gratis 1 Seblak Mix ORI dan pedas Seblak Campur Mix Food,Rp11.000,Raja seblak id,Kab. Bandung,80+ terjual,4.7
SEBLAK CUANKI LIDAH SAMBAL SEGAR WARUNG DEE ANG,Rp5.999,Warung DeAng,Kab. Garut,10rb+ terjual,4.8
PAKET BUNDLING MANTAP - 3 SEBLAK,Rp64.974,Dapur Amos,Kab. Tangerang,100+ terjual,4.9
Seblak Coet Instan Kerupuk Rafael 110gr Frozen food,Rp11.250,dapurmamadikta,Tasikmalaya,10rb+ terjual,4.8
Seblak mix 1kg/ Seblak Campur/Aneka Kerupuk pedas daun jeruk Bumbu Cikruh Snacks Food Kering,Rp40.000,Cemilan Cepiah,Kab. Bandung,8rb+ terjual,4.8
"Seblak Instan tinggal sedu, murah halal cocok dijual lagi",Rp35.999,Uridu Snack Basoaci,Kab. Sukoharjo,7 terjual,5.0
NEW! SEBLAK INSTAN DAPUR AMOS,Rp24.239,Dapur Amos,Kab. Tangerang,2rb+ terjual,4.8
PAKET HEMAT 3 PCS SEBLAK INSTAN KOMPLIT ISI BANYAK SEBLAK KHAS SUKABUMI SEBLAK PEDAS SEBLAK KENCUR DAUN JERUK,Rp16.500,Collection5117,Kab. Sukabumi,,
BUNDLING BERDUA Dapat 2 Seblak Kemasan - Paket 1 Kering Aja Bumbu Jadul dan 1 Seblak Jamur Salju Bumbu Original Seblak Katel Mami,Rp70.000,Seblak Katel Mami,Bogor,90+ terjual,5.0
FULL 1 KG  SEBLAK MIX SEGULING PEDAS SEBLAK KENCUR RAFAEL BETON KRUPUK JENGKOL KRUPUK SEBLAK BUNGA DLL,Rp39.999,GUDANG GROSIR BESAR KALIMANTAN,Banjarbaru,100+ terjual,4.7
PAKET 3 SEBLAK GRATIS KEMASAN BASRENG,Rp75.928,NYEMIL SAJI,Kab. Bandung,22 terjual,1.0
Seblak Instan Cibak Komplit Makanan dengan Bumbu dan Sambal - Food,Rp15.000,Aishwa Olshop Cianjur,Kab. Cianjur,4rb+ terjual,4.8
SEBLAK CAMPUR MIX PEDAS DAUN JERUK /BASRENG /KERUPUK JENGKOL/KRUPUK JAAT/KRUPUK PEDO/CIMOL /SIOMAY,Rp12.000,SNACK HOT ZELETOT.ID,Kab. Bandung,250+ terjual,4.9
seblak kering campur !!promo ambyar,Rp19.600,kenziioshoop,Kab. Pangandaran,7 terjual,
TERMURAH !! SEBLAK MIX 1KG / SEBLAK CAMPUR / SEBLAK MIX PEDAS DAUN JERUK,Rp33.000,HUHAH.ID,Kab. Bandung,19 terjual,4.5
Seblak kering campur/mix ORIGINAL/TIDAK PEDAS extra daun jeruk 1kg Snack Food,Rp40.000,Cemilan Cepiah,Kab. Bandung,1rb+ terjual,4.6
Seblak campur pedas mix jaat beton + krupuk jengkol + basreng/ baso goreng Cemilan,Rp38.999,Nasya cemilan,Kab. Bandung,3rb+ terjual,4.5
seblak campur extra pedas daun jeruk 250gr Camilan,Rp12.000,SEBLAK 3 PUTRI,Bandung,,
paket  campur 3pcs boci cuanki seblak Food Pedas,Rp10.999,nyemil.enak,Cimahi,10rb+ terjual,4.6
Paket Seblak Instan 10pcs / Seblak Instan Bumbu Basah / Seblak Instan Homemade,Rp45.000,Super Lengkap Frozen,Kab. Karanganyar,,
Seblak Campur Pedas 250 Gram/ Basreng/kerupuk jengkol/makaroni/pedo/beton/seblak mix /Snack /Makanan Ringan,Rp11.000,Ratubasreng91,Kab. Bandung,100rb+ terjual,4.7
BELI 1 DAPAT 2 Seblak Mix Ori dan Pedas Seblak Campur Mix Pedas Original Renyah Gurih dan Murah Bumbu Daun Jeruk Food Snack,Rp12.000,nyeblak.id7,Kab. Bandung,10rb+ terjual,4.4
Sagala Seblak Kerupuk Mix Aya Rasa Pedas & Original Daun Jeruk 250grm 500grm 1kg,Rp8.500,snack aa brow,Kab. Bandung,1rb+ terjual,4.5
PAKET 6PCS SEBLAK INSTAN KHAS SUKABUMI SEBLAK SEUHAH SEBLAK PEDAS,Rp34.200,Collection5117,Kab. Sukabumi,,
PAKET USAHA 12 BUNGKUS SEBLAK INSTAN CUP TERBARU Food,Rp18.920,GALAU SNACK,Kab.Ciamis,750+ terjual,4.5
seblak instan 11 pcs seblak instan murah paket seblak,Rp50.000,nayismail,Cimahi,20 terjual,5.0
Marenta SEBLAK COET Pedas Instant Bandung 100gr - Halal MUI - Makanan Food Sambal Noodles Mie,Rp16.250,Warung Marenta,Cimahi,100rb+ terjual,4.8
SEBLAK KERUPUK MIX 500GRAM/SEBLAK CAMPUR BUMBU CIKRUH PEDAS DAUN JERUK Food Snacks Kering Cemilan,Rp22.950,BasrengSunda12_NEW,Kab. Bandung,10rb+ terjual,4.7
PAKET CUAN BASO ACI 13 BUNGKUS SI PALING EKONOMIS HOTPOT INSTAN Food Kaldu Pedas Kuah Seblak Cuangki Cuanki Tahu Makanan Ayam Saos,Rp35.998,GUDANG SNACK TGR,Kab. Tangerang,5rb+ terjual,4.9
Paket Jualan Seblak Cup Pedas 12 Cup Langsung Nikmat Seduh Hits Auto CUAN Food Modal Kecil Untung Besar Siap Jual Siap Cuan,Rp21.000,Toko Cyrine,Tasikmalaya,3rb+ terjual,4.6
Seblak mix serba 10 RB udah dapat varian pedas dan original Snack Kering Kerupuk,Rp10.000,ngalada id,Kab. Bandung,50rb+ terjual,4.5
SMR SPECIAL TATANGGA - BELI 3 Seblak + 2 Cocobaco + FREE 1 CIPENG Pedas,Rp130.000,Seblak mamang rafael_NEW,Kab. Garut,250+ terjual,4.9
seblak beton seblak jaat seblak viral 1kg Food Noodles,Rp37.000,RAJA RENYAH01,Kab. Bandung Barat,500+ terjual,4.5
5 BUNGKUS SEBLAK CIRAWANG KUAH SEBLAK INSTAN FOOD Kaldu Makanan Bawang Pedas,Rp29.999,GUDANG SNACK TGR,Kab. Tangerang,100+ terjual,4.9
paket usaha baso Aci seblak murah surabaya,Rp115.000,toserba ir1000aa,Surabaya,3 terjual,5.0
Bandling seblak cuanki 10 bungkus,Rp35.000,pusat grosir tgr,Kab. Tangerang,250+ terjual,4.1
500gram - SiCudla SEBLAK CAMPUR - [ SEBLAK BETON - SEBLAK ASBES - SEBLAK SISIR - SEBLAK KERUPUK MIE] RENYAH - PEDAS CHILI OIL,Rp33.333,ALULA . N A,Tasikmalaya,100rb+ terjual,4.8
paket seblak instan 10pcs by nayismaifood Food Makanan,Rp33.999,nayismail,Cimahi,250+ terjual,4.7
Paket Jualan 12 Seblak Cup Cuma Seduh Langsung Nikmat Seblak Seduh Hits 12 Cup Langsng Jual Auto CUAN Food,Rp18.999,Toko Clemira.id,Tasikmalaya,250+ terjual,4.2
PROMO DAHSYAT MAKRONI SEBLAK CAMPUR DAN KERIPIK KACA PEDAS DAUN JERUK NIKMAT GURIH BUMBU MELIMPAH BELI 1 DAPET 3,Rp55.000,Perempatan Snack,Kab. Bandung Barat,3rb+ terjual,4.6
seblak mix serba 10rb udah dapat varian pedas dan original Food,Rp10.000,ngalada id,Kab. Bandung,7rb+ terjual,4.5
Seblak Coet Rafael + bumbu 70/140gr,Rp6.550,Taubak Huhah Snack,Kab. Malang,10rb+ terjual,4.5
"1KG SEBLAK KENCUR C&K, SEBLAK KENCUR CK Makanan Food Pedas",Rp33.500,BEJO BAROKAH SNACKK,Kab. Mojokerto,750+ terjual,4.8
KERUPUK CAMPUR JENGKOL/BETON/PEDO/BASRENG SEBLAK MIX CIKRUH neto 1kg Snacks Pedas,Rp39.530,KANGSEBLAK.ID,Kab. Bandung,7rb+ terjual,4.8
SEBLAK INSTAN SATU BUNGKUS ISI KOMPLIT,Rp3.233,ENTINFOODS,Kab. Banyumas,3rb+ terjual,4.8
Seblak mix campur pedas daun jeruk,Rp42.500,Daapur99,Kab. Bandung,1 terjual,
SMR Terseblak - seblak BELI 5 + FREE 5 Seblak Viral dan Seblak Kuah Mamang Rafael Instan,Rp200.000,Seblak mamang rafael_NEW,Kab. Garut,100+ terjual,4.9
RATUBASRENG91 Beli 1 Gratis 1 Seblak Mix Pedas & Ori 500 Gram Paket Hemat 2 Pcs 250 Gram Per Pcs Rasa Variatif Kerupuk Snack Cemilan,Rp28.500,Ratubasreng91,Kab. Bandung,3rb+ terjual,4.7
Seblak campur mix pedas daun jeruk bumbu melimpah isi 500 GRAM,Rp20.500,SnackFamilyAa,Kab. Bandung,4rb+ terjual,4.6
Kerupuk Seblak MIX Pedas Daun Jeruk Kemasan 500Gram,Rp26.999,AninFood.id,Kab. Sidoarjo,50rb+ terjual,4.8
seblak instan paket komplit isi 10 bungkus Pedas Makanan Food Kuah seblak  instan,Rp55.250,AdeliasnackTGR,Kab. Tangerang,3 terjual,4.5
PAKET HEMAT!!! Seblak instan 10pcs PEDASS DENGAN CABE KERING GURIH KARNA RASA BUMBU Pedas Food,Rp30.000,Baso Aci Al-Fataa,Kab. Garut,100+ terjual,4.5
[PAKET BUNDLING NIKMAT] 2 SEBLAK INSTAN - DapurAmos,Rp39.495,Dapur Amos,Kab. Tangerang,500+ terjual,4.7
Seblak Campur Pedas / Basreng/ Kerupuk jengkol/Makaroni/Pedo/Beton/Kerupuk mix 500 gram Snacks Food,Rp22.000,Cemilan Cepiah,Kab. Bandung,100rb+ terjual,4.7
PAKET BUNDLING KERUPUK JENGKOL PEDAS+SEBLAK MIX PEDAS KEMASAN 500,Rp48.999,AninFood.id,Kab. Sidoarjo,1rb+ terjual,4.8
MARENTA [ 3 PCS ] Paket Seblak Bandung Instan Komplit (85gr) - Makanan pedas gurih mie,Rp48.500,Warung Marenta,Cimahi,250+ terjual,4.9
Beli 1 gratis 1 seblak mix ori dan mix pedas Snack Cemilan Food,Rp15.600,Ratubasreng91,Kab. Bandung,50rb+ terjual,4.6
SEBLAK CEKER 1BAL ISI 10PAK 1PAK ISI 20PC CEMIKAN PDS MANIS RENYAH DAH GURIH Food Kering Pedas Snack Makanan,Rp66.791,Fadilsnack,Kab.Ciamis,100+ terjual,5.0
PAKET BUNDLING SEBLAK COET 100gr - makanan instan pedas gurih jajanan sunda HALAL Food Mie Noodles Goreng,Rp32.500,Warung Marenta,Cimahi,4rb+ terjual,4.8
paket reseller seblak 11pcs Food Mie,Rp34.999,nayismail,Cimahi,10rb+ terjual,4.8
Paket Jualan Seblak Kuah Instant 1 Bal 12 pcs Pedas Praktis Ideal untuk Usaha Reseller Makanan Viral dan Enak seblak kuah hits 12 pouch Auto cuan,Rp28.999,PriciaStore,Tasikmalaya,15 terjual,5.0
12 BASO ACI PAKET HEMAT MAKANAN INSTAN Food Kaldu Pedas Kuah Seblak Ayam,Rp31.999,BOCITANG24,Kab. Tangerang,2rb+ terjual,4.8
Seblak Campur Mix 250Gr Exstra Pedas Original Daun Jeruk Snacks Cemilan/Kerupuk Mix Campur Pedas,Rp12.250,Sobatngemil15,Kab. Bandung,500+ terjual,4.2
SEBLAK MIE KREMES BUMBU CHILIOIL PEDAS DAUN JERUK KEMASAN 500GRAM,Rp21.000,ngalada id,Kab. Bandung,2rb+ terjual,4.6
12 Bungkus Baso Aci + SNACK  Hotpot Instan Food Mie Seblak Makanan Pedas Frozen Halal Lezat Mangkok baso aci kuah murah,Rp42.999,BOCITANG24,Kab. Tangerang,50rb+ terjual,4.7
SEBLAK MIX ORGINAL ASIN GURIH TIDAK PEDAS KEMASAN 500GRAM,Rp26.500,AninFood.id,Kab. Sidoarjo,500+ terjual,4.6
PAKET 10 PCS SEBLAK KEMASAN POLOSAN,Rp250.000,NYEMIL SAJI,Kab. Bandung,30+ terjual,4.0
12 Baso Aci Ori Pedas Nampol  Instan  Makanan Food Mie Seblak Pedas baso aci kuah Baso Aci Kuah Jajanan Gratis Ongkir Makanan Instan Khas Garut Bandung Tasik Pedas Mantap Pentol Kuah Bakso Cuanki Cilok,Rp32.999,BOCITANG24,Kab. Tangerang,4rb+ terjual,4.8
Seblak Instan Kap Makanan 1 Bal Isi 12pcs,Rp24.000,TkJuliana354,Kab. Bandung Barat,15 terjual,5.0
"PAKET 3 PCS SEBLAK MINASANG SALATRI (PREMIUM,BABANGI,SEBLAK ISI CILOK)",Rp45.000,Braverissx,Kab. Cianjur,100+ terjual,5.0
BUNDLING seblak cuanki instan 12 bungkus Seblak,Rp45.000,pusat grosir tgr,Kab. Tangerang,60+ terjual,4.0
Paket Jualan Seblak Seduh PREMIUM 12 Seblak Cup Super Pedas Cuma Seduh Langsung Nikmat Seblak Seduh Hits 12 Cup Langsng Jual Auto CUAN Food,Rp25.999,Toko Clemira.id,Tasikmalaya,14 terjual,3.0
kerupuk Seblak MIx campur pedas daun jeruk | seblak  pedo|Seblak cimol|seblak siomay pedas daun jeruk keripik instan makanan,Rp8.500,SAUYUNANPROJEK,Kab. Bandung,60+ terjual,5.0
1 KILO - SiCudla SEBLAK CAMPUR - [ SEBLAK BETON - SEBLAK ASBES - SEBLAK SISIR - SEBLAK KERUPUK MIE] RENYAH - PEDAS CHILI OIL,Rp59.888,ALULA . N A,Tasikmalaya,10rb+ terjual,4.8
Warung Deang Seblak Djadoel Kerupuk Kemplang Pedas Makanan,Rp8.000,Warung DeAng,Kab. Garut,50rb+ terjual,4.7
seblak mix pedas sedang daun jeruk  kemasan 250 gram Cemilan Keripik Kering Snacks Food,Rp10.400,ngalada id,Kab. Bandung,100rb+ terjual,4.6
SEBLAK CAMPUR/MIX ISI ANEKA SEBLAK KERING PEDAS MANTUL  Food  Snack Makanan Cemilan Keripik Kerupuk,Rp12.500,Seblak.mantul.id,Kab. Bandung,2rb+ terjual,4.6
PAKET 10 PCS SEBLAK INSTAN GURIH PEDAS Food,Rp39.600,Calhaaa,Tasikmalaya,11 terjual,3.5
Seblak kering pedas daun jeruk campur/aneka seblak mix 500gram  peds daun jeruk Snacks Cemilan,Rp20.000,ngalada id,Kab. Bandung,100rb+ terjual,4.7
marasih snack seblak seduh instan isi 12pcs Food,Rp18.240,marasih snack,Kab.Ciamis,5rb+ terjual,4.8
Seblak campur / Seblak mix / Seblak pedas daun jeruk kemasan 500gram,Rp22.599,diseblakanid,Kab. Bandung,1rb+ terjual,4.7
Seblak mix 1kg / seblak campur 1kg / Seblak mix 1kg pedas daun jeruk,Rp32.000,pusat handsock muslimah,Kab. Bandung,6 terjual,4.0
Seblak mix/seblak campur sagala aya Seblakrez.id isi 1 kg cemilan ringan Pedas Snack Food,Rp98.000,Seblakrez. id,Kab. Bandung,7 terjual,
Seblak JAAT SEUHAH Daun Jeruk,Rp50.000,purnama snack.,Kab.Ciamis,250+ terjual,4.8
[EKSLUSIVE] SEBLAK MIX RUPA-RUPA CHILI OIL  Makanan Kering Jengkol Pedas Cemilan,Rp59.700,ENDEUSss SNACK,Tasikmalaya,10rb+ terjual,4.7
1kg seblak mix campur pedas daun jeruk Food Snack Cemilan Kering,Rp42.000,warung .cemilan08,Kab. Bandung,17 terjual,4.0
1kg seblak kering mie gulung mie lilit full bumbu mantap Pedas original,Rp43.000,Seblak.chekau99,Kab. Bandung,100+ terjual,4.8
SICUDLA - Seblak Campur Kemasan 1 Kilo - Renyah (TIDAK KERAS) Pedas Chilioil,Rp59.999,RUNELLO,Tasikmalaya,26 terjual,
SEBLAK MIX PEDAS 500g dan 250g /BETON/JENGKOL/RAFAEL/MAKARONI/IKAN -CangAsep Snack Cemilan,Rp21.780,Cang Asep Snack,Kab. Sidoarjo,10rb+ terjual,4.7
2 PCS SEBLAK MIX BABANGI MINASANG,Rp25.000,Braverissx,Kab. Cianjur,1rb+ terjual,4.8
Kerupuk Seblak AS Beton Kerupuk Seblak Jaat 500gr Seblak Seuhah Snack Food Makanan Ringan Camilan Pedas Jajan Viral,Rp24.999,Aneka Snack & Food,Kab.Ciamis,3rb+ terjual,4.8
2pcs BUNLING PAKET CILOK SEBLAK MINASANG SALATRI,Rp35.000,Braverissx,Kab. Cianjur,1rb+ terjual,4.8
Paket Hemat SEBLAK Instan 10pcs / Seblak Instan Homemade / Seblak Bilqis,Rp45.000,TOKO BILQIS OFFICIAL STORE,Kab. Jombang,30+ terjual,5.0
"paket jualan seblak instan,paket usaha seblak instan , seblak kering instan kemasan cup,murah banyak untung",Rp38.800,hii trisna,Kab. Sampang,5 terjual,
KERUPUK SEBLAK BAWANG PEDAS / SEBLAK KENCUR 1KG PEDAS,Rp34.066,Dewa Ngemil_NEW,Madiun,2rb+ terjual,4.7
seblak cibak/babangi instan+bumbu,Rp11.500,cemilantisha01,Cimahi,2rb+ terjual,4.8
BELI 1 GRATIS 1 SEBLAK MIX PEDAS SEBLAK MIX ORI,Rp12.000,Snack C Gemoy,Kab. Bandung,10rb+ terjual,4.6
Seblak Sosis Bakso + Kerupuk + Siomay Kering | Seblak Lekoh Instan,Rp4.000.000,seblaklekoh.tehsiska,Kab. Bandung Barat,,
TIDAK BISA REQUEST Davinsi Cemilan Mix Seblak Kering Kemasan 500 Gram,Rp24.700,Davinsi Mix,Bandung,10rb+ terjual,4.9
Seblak kering pedas daun jeruk campur/aneka seblak mix 250gram snack murah,Rp9.500,ngalada id,Kab. Bandung,100rb+ terjual,4.6
Seblak mix/ seblak campur/ seblak pedas daun jeruk kemasan 1kg,Rp33.000,CEMILANKAHIJI,Kab. Bandung,4 terjual,
Kerupuk Seblak MIX CAMPUR pedas pedo hot chili Sambal Goreng Makanan Food Pedas 1000gram Gurih Renyah Rasa Pedas Daun Jeruk,Rp36.999,JAYA UNGGUL SNACK,Kab. Gresik,2rb+ terjual,4.6
SEBLAK CAMPUR KERUPUK MIX BASRENG/PEDO/KERUPUK JENGKOL/KERUPUK BETON/BASRENG/KERUPUK BAWANG 1KG PEDAS DAUN JERUK Snacks Food Makaroni Kering,Rp42.999,Cemilan Cepiah,Kab. Bandung,10rb+ terjual,4.7
Seblak Campur Mix Pedas Daun jeruk cemilan instan cemilan pedas Food,Rp37.999,Halu Cemilan Instan,Kab. Bandung,50rb+ terjual,4.6
Snack murah seblak mix pedas gurih renyah 500gr,Rp28.000,Snack ciamis 2,Kab.Ciamis,1 terjual,
SEBLAK JAAT VIRAL 1KG TERENAK DAN TERMURAH PS (pemuda seblak),Rp55.500,PEMUDASEBLAK,Kab. Garut,500+ terjual,4.8
SEBLAK CAMPUR 1KG / ANEKA SEBLAK MIX BUMBU CIKRUHPEDAS DAUN JERUK Snacks Pedas Cemilan Food Kerupuk Makanan Camilan Kering Jengkol/ped/jaat/cimol/siomay,Rp42.000,BasrengSunda12_NEW,Kab. Bandung,2rb+ terjual,4.7
500gram - SEBLAK CAMPUR - [ SEBLAK BETON - SEBLAK ASBES - SEBLAK SISIR - SEBLAK KERUPUK MIE] RENYAH - PEDAS,Rp30.000,purnama snack.,Kab.Ciamis,1rb+ terjual,4.6
SEBLAK KURUPUK BETON 1KG SEBLAK KURUPUK BETON /JAAT PEDAS DAUN JERUK Spices,Rp36.999,ngalada id,Kab. Bandung,10rb+ terjual,4.6
1KG Seblak Campur Mix Kerupuk Seblak Beton Sisir Kerupuk Rafael Asbes Renyah Pedas Cemilan Goreng Kering Makaroni,Rp10.500,Safia Snack,Kab.Ciamis,6rb+ terjual,4.8
SEBLAK MIE 10 PCS PAKET HEMAT MAKANAN INSTAN food pedas Noodles,Rp45.999,GUDANG SNACK TGR,Kab. Tangerang,1rb+ terjual,4.8
"Paket Best seller  3 Bungkus ( Boci ayam,seblak,Boci original) by keylaafood",Rp15.000,Keylaafood2,Kab. Banyumas,2rb+ terjual,4.7
SEBLAK MIX - SEBLAK CAMPUR 1 Kg  KERUPUK SEBLAK SISIR/SEBLAK BETON/SEBLAK KERUPUK RAFAEL/SEBLAK ASBES - RENYAH PEDAS,Rp43.000,Syifa Putri Snack,Kab.Ciamis,500+ terjual,4.7
Seblak campur / Seblak mix / Seblak pedas daun jeruk kemasan 1kg,Rp41.988,diseblakanid,Kab. Bandung,1rb+ terjual,4.8
1kg seblak beton seblak jaat pedas cikruk daun jeruk,Rp37.999,JAYA UNGGUL SNACK,Kab. Gresik,250+ terjual,4.4
SEBLAK CAMPUR PEDAS CIKRUH 500 gram,Rp20.750,Snack C Gemoy,Kab. Bandung,6rb+ terjual,4.8
indomie seblak hot jeletot 1 karton isi 40 bungkus,Rp135.500,Sembako bu iinn,Surabaya,27 terjual,5.0
Seblak Kencur 1KG / Kerupuk sebring HOT nagihin,Rp34.900,Muliasnackofficial,Kab. Mojokerto,10rb+ terjual,4.8
Seblak mix seblak campur seblak pedas daun jeruk,Rp55.000,snackqueennafisha,Kab. Bandung,500+ terjual,4.8
SEBLAK ASBES JENGKOL BANTAT CEMILAN VIRAL SNACK FOOD KERING PEDAS sebring murah,Rp61.110,ENDEUSss SNACK,Tasikmalaya,1rb+ terjual,4.6
cibak atau babangi + bumbu Food Goreng seblak instan Makanan,Rp12.000,Aishwa Olshop Cianjur,Kab. Cianjur,10rb+ terjual,4.8
Promo 10pcs mie sakura seblak jeletot,Rp21.500,harapan6shop,Kab.Ciamis,1rb+ terjual,4.8
Seblak Kerupuk Campur 1KG - Snack Makanan - Food,Rp41.000,Ratubasreng91,Kab. Bandung,10rb+ terjual,4.8
BASO ACI PREMIUM BOCI ECERAN PAKET SATU BUNGKUS BOCI Instan baso aci Pedas Baso aci bakso aci Food Makanan,Rp8.000,Dapurmami.id,Kab. Tangerang,1jt+ terjual,4.6
[Etalase Promo Daehoon] Nyai Mercon Makanan Instan,Rp54.724,NYAI MERCON,Kab. Garut,3rb+ terjual,4.8
1 BUNGKUS BOCI ORI KUAH KALDU INSTAN Pedas BASO ACI KUAH Baso Aci Kuah Jajanan Gratis Ongkir Makanan Instan Food Ayam Seblak Limau Noodles,Rp10.000,BOCITANG24,Kab. Tangerang,100rb+ terjual,4.6
Baso Aci 10 bungkus paket hemat /Bakso aci/boci hot jeletot,Rp20.000,baci lada,Kab. Bandung,10rb+ terjual,4.2
SEBRING Beli 1 Dapat 2 Sebring Mix 200 Gram Rasa Original 100gr Pedas 100gr Xtrapedas 100gr,Rp9.900,abahkriukbandung,Kab. Bandung,6rb+ terjual,4.7
BUNDLING MIX 10 (5 ayam 5 ori) BASO ACI AYAM DAN ORI PAKET JUALAN HOTPOT INSTAN Food Pedas,Rp39.999,BOCITANG24,Kab. Tangerang,10rb+ terjual,4.8
PAKET 6 BUNGKUS BASO ACI MURAH & ENAK,Rp15.599,indymarket99,Depok,500+ terjual,4.5
baso aci 15 pcs / baso aci isi 15 pcs / baso aci paket 15 bungkus Food Makanan Instan Pedas,Rp33.333,Baso Aciww,Kab. Bandung,10rb+ terjual,4.5
Baso Aci 12 bungkus / paket Usaha Baso Aci,Rp27.999,NAYFOOD16,Kab. Garut,7rb+ terjual,4.6
Cuanki Lidah /Toping Seblak Instan + babel wrap,Rp38.000,Cuankimufidstore189,Kab. Bandung,250+ terjual,4.8
Cirawang/Cirawit Topping seblak by Citul Bunda food hotpot instan Makanan,Rp28.349,Citul Bunda,Cimahi,10rb+ terjual,4.8
BELI 2 GRATIS 1 (2 BASO ACI PREMIUM FREE SEBLAK) - Sajodo Snack & Food,Rp50.000,Sajodo Snack & Food,Tasikmalaya,250+ terjual,4.8
"MIX BASO ACI 6, CUANGKI 6 RADJASNACK Kaldu Instan Food",Rp33.999,Radjasnack.rjs,Kab. Tangerang,50rb+ terjual,4.6
Paket Hemat Mix 3Varian Topping Seblak Boci 250gr,Rp29.000,Egrosir20,Surakarta,1rb+ terjual,4.4
12 Bungkus Boci Bacil instan cikura PAKET makanan instan Halal Food,Rp29.250,Cikura_NEW,Kab. Klaten,100rb+ terjual,4.7
Kinasih Snack Basreng Baso Goreng Pedas Daun Jeruk Gurih Renyah 50gr,Rp24.000.000,KreditJogja,Kab. Sleman,100+ terjual,
Paket 10 Bungkus Baso Aci Ayam Suwir Extra Bawang Goreng bebas lemak jenuh lemari,Rp39.999,NAYFOOD16,Kab. Garut,1rb+ terjual,4.3
baso aci isi 12 pcs / baso aci 12 pcs / baso aci paket 12 bungkus / 12 baso aci paket termurah  Food Instan Makanan Pedas Kuah,Rp27.999,Baso Aciww,Kab. Bandung,10rb+ terjual,4.6
BASO ACI 13 BUNGKUS BOCI 13 PCS KUAH KALDU BASO ACI 13 BUNGKUS SUPER PREMIUM Cuangki Instan Food,Rp37.944,Dapurmami.id,Kab. Tangerang,10rb+ terjual,4.7
BUMBU SEBLAK 1 KG RASA AYAM BAWANG SERBAGUNA - BUMBU MIE KILOAN - BUMBU KUAH SEBLAK DAN BASO ACI  Penyedap Masakan Instan,Rp27.720,Toko Sintia29,Kab. Tangerang,2rb+ terjual,4.8
Seblak Instan Paket 12 Bungkus/ Seblak Murah/Seblak Instan,Rp30.000,wadah snack,Kab. Garut,2 terjual,
seblak mamarafasya frozenfood,Rp8.000,Mamarafasya29,Kab. Cianjur,,
FLASH SALE SEBLAK  MIX] Seblak mix seblak campur seblak kering pedas daun jeruk kemasan 500,Rp20.250,zhcemilan,Jakarta Barat,,
Seblak Batelan Daging Cincang,Rp23.000,Haraplapar Store,Kab. Sragen,5 terjual,
(5) Lima BUNGKUS SEBLAK INSTAN PAKET HEMAT BANGSATRIA Food Jajanan Alami Makanan Pedas,Rp57.600,TOKO BANGSATRIA,Kab.Ciamis,10rb+ terjual,4.9
Seblak Campur / seblak mixs /seblak Campur Viral Pedas,Rp49.500,seblak teh Ajjeng,Kab. Bandung,1 terjual,
Seblak instan 4 Bks super kumplit topinganya.. Baso Aci,Rp14.950,Safna Online Shop,Kab. Garut,100+ terjual,3.3
Seblak Instan Paket 12pcs Food Pedas Makanan,Rp60.000,JajananShopBDG,Kab. Bandung,100+ terjual,4.7
SEBLAK MIE KREMES BUMBU CHILIOIL PEDAS DAUN JERUK,Rp9.000,ngalada id,Kab. Bandung,10rb+ terjual,4.5
Seblak Shuki Instan by Seblak Bunda Kaka Food,Rp20.000,seblak bunda kaka,Kab.Ciamis,100+ terjual,4.9
SEBLAK INSTAN MINASANG SALATRI KEMASAN PREMIUM,Rp20.000,Braverissx,Kab. Cianjur,750+ terjual,4.7
Paket 2 PCS Seblak instan Nenglis pedas manis,Rp28.000,nenglis,Kab. Indragiri Hulu,10 terjual,5.0
SEBLAK INSTAN NGABRET BANDUNG - SURABAYA SEBLAK INSTAN KOMPLIT SEBLAK INSTAN JAGUAR Cuangki Food Mie Kuah Pedas baso  aci ayam suwir Baso Aci Jamur Makanan Soto Goreng Limau,Rp8.999,UAIFOOD,Kediri,250+ terjual,4.4
[SPESIAL LIVE] BELI 1 GRATIS 1 Seblak Coet + GRATIS Basreng Pedas Daun Jeruk 75gr - makanan pedas gurih kerupuk kekinian khas Bandung,Rp40.000,Warung Marenta,Cimahi,250+ terjual,4.9
Seblak Instan Komplit Porsi Jumbo 200 Gram Mie Pedas,Rp4.950,TuguStore.id,Kab. Bogor,23 terjual,4.0
CIKEMAM PAKET SEBLAK isi 3 PCS Mie Pedas Food  Kuah  Instan  Noodles Makanan Ayam,Rp41.700,Cik Emam,Cimahi,3rb+ terjual,4.8
SEBLAK MIX 1KG cemilan pedas sagala aya Makanan Food,Rp39.999,BasrengSunda12_NEW,Kab. Bandung,100+ terjual,4.7
paket 3 bundling seblak SB,Rp75.000,Seblaksbmamangdede,Kab. Bogor,2 terjual,
Paket Jualan 12 Seblak Cup Super Pedas Cuma Seduh Langsung Nikmat Seblak Seduh Hits 12 Cup Langsng Jual Auto CUAN Food,Rp21.000,PriciaStore,Tasikmalaya,2rb+ terjual,4.3
Seblak Bapper,Rp17.000,tokorara1,Surabaya,250+ terjual,4.8
2 PACK CIRENG KUAH CHILLI OIL/ KUAH KEJU/ KUAH AYAM BAWANG UMAFOOD,Rp47.999,Uma.food,Kab. Bandung,50rb+ terjual,4.8
Paket 12pcs Seblak Instan Khas Suroboyo by Spicyku Makanan Pedas,Rp84.000,Spicyku Indonesia,Surabaya,3 terjual,
Makaroni Cikruh Pedas Daun Jeruk 500g Cemilan Syakira Asin Pedas Renyah Ga Alot Varian Pedas Extra Pedas Snack Gurih Mantap Food Cemilan Keripik Kripik Makanan Crispy,Rp20.700,Cemilan Syakira_NEW,Tasikmalaya,500rb+ terjual,4.8
1 pcs Seblak Instan Kemasan Pedas kemasan BESAR,Rp6.000,@gemilangstore.id,Kab. Cilacap,100+ terjual,4.8
Paket Bundling SEBLAK INSTAN PREMIUM + SEBLAK INSTAN JAMUR SALJU bangsatria seuhah Food Pedas,Rp32.499,TOKO BANGSATRIA,Kab.Ciamis,1rb+ terjual,4.7
Darling.id Cemilan Seblak Bantet Haremis 500 Gram - Cemilan Pedas Gurih - Food Snack Renyah Seblak Kerang - Bahan Pilihan & Kualitas Terjamin,Rp20.500,Darling.id,Kab. Garut,8rb+ terjual,4.8
PAKET SEBLAK 12 BKS @nayismail Mie Food Noodles Instan,Rp34.999,nayismail,Cimahi,100+ terjual,4.6
